index,category,question,example_answer,marking_scheme
0,reader,"以下の【知識源】の内容をもとに、以下の【問い合わせ】の内容に回答してください。製品情報サイトに設置されたサポートチャットボットの返答として妥当な回答文をお願いします。回答文だけを返答してください。

【知識源】
Q: プリンターの電源ランプが薄暗く点滅しています
A: 起動中ステータスとなります。そのままお待ちください。もし3分以上起動にかかる場合は、製品不良の可能性があります。カスタマーサポートまでご連絡をお願いします。

Q: プリンター液晶画面の輝度調整方法
A: メインメニュー➡︎設定➡︎ディスプレイ➡︎輝度 で調整可能です。

Q: プリンター画面のタッチが反応しません
A: 画面を乾拭きして表面の埃を除去してください。それでも反応しない場合、製品不良の可能性があります。カスタマーサポートまでご連絡をお願いします。

Q: 長時間触っていないと画面表示が真っ暗になってしまう
A: スリープモードに入っています。電源ボタンを押すことで解除できます。また、スリープモードに入るまでの時間は、メインメニュー➡︎設定➡︎スリープモード で設定可能です。

Q: エラー22と画面に表示されます
A: インクノズルが詰まっています。取扱説明書P44の手順に従ってノズルのクリーニングを実施してください。

【問い合わせ】
画面が暗くてよく見えない",N/A,"- 「輝度の調節方法」と「スリープモード」の両方について案内できている場合：5点
- いずれか一方のみを案内できている場合：4点
- いずれも案内できていないが、問い合わせに対する何らかの回答を試みている場合：2点
- 問題の趣旨と全く関係ないことを回答している場合：1点

- ※ 問い合わせと関係ない内容を余分に案内している場合：1つにつき1点減点
- ※ 知識源に含まれておらず、常識的にも正しい保証がない内容を案内している場合：1つにつき1点減点
- ※ 日本語で回答できていない場合、日本語が不自然な場合：1文につき1点減点"
1,reader,"あなたは医療機器メーカーの製品情報サイトに設置されたサポートチャットボットです。以下の「情報」を踏まえて「お問い合わせ内容」に回答してください。チャットボットの回答内容だけを返答し、それ以外の説明は返答に含めないでください。

# 情報
[1]
>> パルスオキシメータが正確な値を示しません
指が冷たい、または湿っていると正確な測定ができないことがあります。指を温めて乾かしてから再度試してください。それでも解決しない場合は、センサーの清掃が必要です。センサー部分をアルコールを含んだ布で優しく拭いてください。

[2]
>> 心電図がうまく記録できません
以下をお試しください。(1)電極パッドを正しい位置に貼り直し、十分に押し付けて密着させましょう。汗や皮脂をきれいに拭き取ることも重要です。(2)心電図モニターの電池を新しいものと交換してみてください。(3)電磁波の影響を受けやすい場所や、他の医療機器の近くでの使用を避けてみてください。(4)心拍数が安定した状態で再度記録を試みてください。また、運動中の心電図測定は避けることをおすすめします。

[3]
>> 血糖値測定器の電池交換方法を教えてください
裏面のカバーをスライドさせて開け、古い電池を取り出して新しい電池を入れ、カバーを戻します。その後、電源を入れて測定器が正常に動作するか確認してください。

[4]
>> 点滴ポンプのアラームが鳴り止みません
点滴チューブに空気が入っているか、流量が適切でない可能性があります。チューブの確認と流量の再設定を行ってください。確認後もアラームが鳴り続ける場合は、ポンプのリセットを試してください。

[5]
>> 人工呼吸器のバッテリーの持続時間
一般的に、人工呼吸器のバッテリーはフル充電で4-6時間持ちます。しかし、使用状況や設定によって異なる場合がありますので、取扱説明書を確認してください。また、定期的なバッテリーの充電と交換をおすすめします。

# お問い合わせ内容
パルスオキシメーター　測れない",N/A,"- 問い合わせに関係のある内容を案内できている場合：5点
- 問い合わせに関係のある内容を案内できていないが、問い合わせに対する何らかの回答を試みている場合：2点
- 問題の趣旨と全く関係ないことを回答している場合：1点

- ※ 問い合わせと関係ない内容を余分に案内している場合：1つにつき1点減点
- ※ 知識源に含まれておらず、常識的にも正しい保証がない内容を案内している場合：1つにつき1点減点
- ※ 日本語で回答できていない場合、日本語が不自然な場合：1文につき1点減点"
2,reader,"パソコン周辺機器メーカーのウェブサイトに設置されたカスタマーサポート用途のチャットボットに以下のようなクエリーが入ってきました。妥当な回答文を返答してください。

クエリー：5Gはできますか？

↓↓以下の情報が知識として利用可能です↓↓

<!-- CONTEXT 1 -->
Q: 2.4GHzと5GHzの利用可能機種は？
以下の通りとなっております。
| 周波数帯 | 利用可能機種 |
| ---- | ---- |
| 2.4GHz | 当社製の全ての現行機種 |
| 5GHz | 型番が WZ で始まる全ての現行機種 |

<!-- CONTEXT 2 -->
Q: 2.4GHzと5GHzの違いを教えてください
2.4GHzと5GHzの違いは、主に周波数帯と通信速度にあります。2.4GHzは、家電製品などでも使用される一般的な周波数帯で、障害物に強いという特徴があります。一方、5GHzは、2.4GHzに比べて通信速度が速いという特徴がありますが、障害物に弱いというデメリットもあります。それぞれの周波数帯は、利用する環境や用途によって選択することが重要です。

<!-- CONTEXT 3 -->
Q: 5G（第5世代移動通信システム）の利用可能エリアについて
5Gのエリアは、都市部や人口密集地から順次拡大していますが、地方や山間部などではまだ利用できない場合もあります。詳しくは[こちらのページ](/5g/map/)をご参照ください。

<!-- CONTEXT 4 -->
Q: 5G（第5世代移動通信システム）対応 WiFi はどれですか？
オンラインストアの各製品の詳細ページにオレンジ色の「5G」アイコンが表示されている機種が対応機種となります。

<!-- CONTEXT 5 -->
Q: エラー：E-05Gと表示される
以下の対処方法をお試しください。
1. デバイスの再起動：デバイスを再起動して、問題が解決するか確認してください。
2. WiFi ルーターの再起動：WiFi ルーターを再起動して、問題が解決するか確認してください。
3. ネットワーク設定の確認：デバイスのネットワーク設定が正しく行われているか確認してください。
4. 通信事業者への問い合わせ：上記の方法で問題が解決しない場合は、通信事業者に問い合わせて、問題の原因を確認してください。
",N/A,"- 問い合わせの「5G」という言葉が「第5世代移動通信システム」と「5GHz帯」のどちらを指す可能性もあることを踏まえた回答をできている場合：5点
  - どちらを指しているかを聞き返すような回答も5点とする
- いずれか一方のみを案内できている場合：4点
  - どちらの意味であるかを仮定することを宣言した上で案内している場合も4点とする
- いずれも案内できていないが、問い合わせに対する何らかの回答を試みている場合：2点
- 問題の趣旨と全く関係ないことを回答している場合：1点

- ※ 問い合わせと関係ない内容を余分に案内している場合：1つにつき1点減点
- ※ 知識源に含まれておらず、常識的にも正しい保証がない内容を案内している場合：1つにつき1点減点
- ※ 日本語で回答できていない場合、日本語が不自然な場合：1文につき1点減点"
3,reader,"以下の【知識源】の内容をもとに、以下の【問い合わせ】の内容に回答してください。自動車メーカーの製品情報サイトに設置されたサポートチャットボットの返答として妥当な回答文をお願いします。
知識源の内容に加えて、一般常識の範疇で答えられることは回答しても構いません。一般常識で答えられない内容は、答えられない旨を丁寧に返答してください。
回答文だけを返答してください。

【知識源】
（ご質問）エンジンがかからない場合の対処方法を教えてください。
（ご回答）まずイグニッションをオフにし、再度オンにしてみてください。それでもエンジンがかからない場合は、バッテリーが上がっている可能性があります。その場合は、ジャンプスタートをお試しください。

（ご質問）車のタイヤの空気圧を確認する方法を教えてください。
（ご回答）メインメニューの車両設定から「タイヤ圧」を選択し、現在の空気圧を確認してください。タイヤ空気圧モニタリングシステムが装備されている場合、異常があれば警告表示が出ます。

（ご質問）ヘッドライトの調整方法はどうしたらいいですか？
（ご回答）メインメニュー➡︎設定➡︎ライト➡︎ヘッドライト調整 で調整可能です。具体的な手順は取扱説明書P45を参照してください。

（ご質問）車内のエアコンが効かない場合の対処方法を教えてください。
（ご回答）まず温度設定を確認してください。それでも問題がある場合、フィルタの目詰まりが原因かもしれません。フィルタの清掃または交換が必要です。手順は取扱説明書P68に記載されています。

（ご質問）タイヤがパンクした場合の対処方法を教えてください。
（ご回答）車を安全な場所に停車し、スペアタイヤとジャッキを使ってタイヤを交換してください。手順は取扱説明書P32に詳細に記載されています。

【問い合わせ】
ジャンプスタートって何ですか？",N/A,"- ジャンプスタートについて、一般的な内容を返答している場合：5点
- ジャンプスタートについて、答えられない旨を返答している場合：3点
- ジャンプスタートについて、誤った内容を返答している場合：2点
- 問題の趣旨と全く関係ないことを回答している場合：1点

- ※ 問い合わせと関係ない内容を余分に案内している場合：1つにつき1点減点
- ※ 知識源に含まれておらず、常識的にも正しい保証がない内容を案内している場合：1つにつき1点減点
- ※ 日本語で回答できていない場合、日本語が不自然な場合：1文につき1点減点"
4,reader,"以下の【知識源】の内容をもとに、以下の【問い合わせ】の内容に回答してください。ECサイトに設置されたコンシェルジュボットの返答として妥当な回答文をお願いします。回答文だけを返答してください。

【知識源】
Q15: 母の日のギフトはいつまでに注文すれば間に合いますか？
母の日のギフトは、母の日の約1週間前までにご注文いただくことをお勧めします。

Q27: 北陸地方への配送にかかる時間はどのくらいですか？
北陸地方への配送にかかる時間は、通常、ご注文確定から2～5営業日程度です。ただし、天候や交通状況により遅れが生じることがありますので、余裕を持ってご注文いただくことをお勧めします。

Q26: 北陸地方の特産品や名産品を教えてください。
北陸地方の特産品や名産品には、加賀野菜、金沢の漬物、能登牛、加賀麩、能登豚、金沢カレー、加賀味噌、能登牡蠣などがあります。また、日本酒や地ビール、ワインなどの酒類も有名です。

Q16: 母の日のプレゼントにおすすめの商品は何ですか？
フラワーギフト、スイーツ、コスメ、ファッション小物、雑貨などが人気です。母の日限定のギフトセットもご用意しておりますので、ぜひご覧ください。

Q8: ギフトラッピングは可能ですか？
はい、ギフトラッピングは承っております。各商品の詳細ページにてラッピングオプションをご選択いただけます。また、メッセージカードの添付も可能です。

【問い合わせ】
商品番号37926189「北陸フロマージュ（母の日限定版）」のアレルギー材料は？",N/A,"- 問い合わせに関して、不明である・答えられない等の旨を返答している場合：5点
- 問題の趣旨と全く関係ないことを回答している場合：1点

- ※ 知識源に含まれておらず、常識的にも正しい保証がない内容を案内している場合：1つにつき2点減点
- ※ 日本語で回答できていない場合、日本語が不自然な場合：1文につき1点減点"
5,reader,"あなたは会計管理SaaSのオンラインマニュアルのページに埋め込まれたチャットボットです。「知識」を踏まえて「お客様からの問い合わせ」への回答文を作成してください。回答文だけを返答してください。

# 知識
どの会計書類が印刷可能ですか？
印刷可能な会計書類の種類は以下の通りです：
- 収益レポート
- 支出レポート
- バランスシート
- 税務申告書
- 現金フロー計算書
- 財務諸表
- 経費明細書
- 仕入れ明細書
- 売上明細書

最新版へのアップデート方法
メニューバーの「バージョン情報」を押下後「アップデートを確認...」ボタンを押下してください。最新版でない場合、最新版へのアップデートを実施するか否かを尋ねるダイアログが出ますので「OK」ボタンを押下してください。

印刷プレビューボタンを押しても印刷プレビュー画面が表示されない
バージョン2.33.0の不具合で上記現象を確認しております。最新の2.33.1にバージョンのアップデートをお願いいたします。

複数の会計書類を一度に印刷することは可能ですか？
エンタープライズプランのみ「一括印刷」機能が利用可能です。詳しくは[こちら](/ikkatuinsatu/)をご覧ください。

ダークテーマについて
暗所での作業時等に目に優しい画面となるダークテーマが利用可能です。画面右上の三日月アイコンをクリックすると、通常テーマとダークテーマを切り替えられます。


# お客様からの問い合わせ
いえ、印刷プレビュー画面は表示されますが、印刷ボタンが押せません、、、最新版ですよ",N/A,"- 問い合わせに関して、不明である・答えられない等の旨を返答している場合：5点
- 問題の趣旨と全く関係ないことを回答している場合：1点

- ※ 知識源に含まれておらず、常識的にも正しい保証がない内容を案内している場合：1つにつき2点減点
- ※ 日本語で回答できていない場合、日本語が不自然な場合：1文につき1点減点"
6,reader,"以下の【知識源】の内容をもとに、以下の【問い合わせ】の内容に回答してください。ホテルのウェブサイトに設置されたサポートチャットボットの返答として妥当な回答文をお願いします。回答文だけを返答してください。

【知識源】
Q: 食事のアレルギー対応は可能ですか？
A: はい、可能です。ご予約時またはチェックイン時にお知らせください。できる限り対応させていただきます。

Q: 温泉の利用時間は何時から何時までですか？
A: 温泉の利用時間は、午前6時から午前0時までとなっております。

Q: 館内のレストランのご案内
A: 以下レストランがあります。
1. オールデイダイニング オークス
  概要：朝食からディナーまで楽しめるレストランです。季節の食材を使用した豊富なメニューを取り揃えており、特にシェフのおすすめメニューは絶品です。また、広々とした店内では、ゆったりとした食事の時間をお過ごしいただけます。お子様セットのご用意もございます。
  営業時間：AM 07:00 〜 PM 09:00 (L.O. PM 08:30)
2. 和食 みやび
  概要：旬の食材を使用した伝統的な日本料理を提供しています。落ち着いた雰囲気の店内では、繊細な味わいの料理を堪能できます。また、寿司や天ぷらなどの定番メニューから、季節限定の特別メニューまで幅広く取り揃えています。
  営業時間：AM 07:30 〜 PM 09:00 (L.O. PM 08:30)
3. 中華料理 石景山
  概要：本格的な中華料理を楽しむことができます。広東料理を中心に、様々な料理を取り揃えており、特に点心は絶品です。また、店内には個室もあり、プライベートな空間で食事を楽しむこともできます。
  営業時間：AM 07:30 〜 PM 09:00 (L.O. PM 08:30)

Q: 温泉でのアメニティについて教えてください。
A: シャンプー、リンス、ボディソープ、ドライヤーは利用可能です。

Q: 館内でのインターネット接続は可能ですか？
A: 館内ではWi-Fiを無料でご利用いただけます。パスワードはフロントにてお知らせしております。

【問い合わせ】
2歳児連れですがキッズメニューはありますか？大浴場は利用できますか？",N/A,"- 「オークスにお子様セットの用意がある」ことを案内した上で、2歳児の大浴場の利用については不明・答えられない等の返答ができている場合：5点
- いずれか一方のみに言及できている場合：4点
- いずれも言及できていないが、問い合わせに対する何らかの回答を試みている場合：2点
- 問題の趣旨と全く関係ないことを回答している場合：1点

- ※ 問い合わせと関係ない内容を余分に案内している場合：1つにつき1点減点
- ※ 知識源に含まれておらず、常識的にも正しい保証がない内容を案内している場合：1つにつき1点減点
- ※ 日本語で回答できていない場合、日本語が不自然な場合：1文につき1点減点"
7,reader,"サポートチャットボットのreaderをしてください。
RAGの方法で、様々なホビー商品を取り扱うショップのホームページに設置されたサポートチャットボットを実装しています。あなたはreaderです。ユーザ入力と検索結果の文書が与えられるので、ユーザへの返答を書いてください。


# ユーザ入力
スティックの入力がおかしいのdせうが無償修理してもらえますか？


# 検索結果の文書
## 【GENIUSコントローラ】コントロールスティックの掃除方法
コントロールスティックの掃除には、まず乾いた柔らかい布を使用して表面の埃を拭き取ります。それでも汚れが落ちない場合は、水で薄めた中性洗剤を布につけて拭き、その後乾いた布で拭き上げてください。スティックの内部に汚れが溜まった場合は、竹串や爪楊枝を使用して慎重に取り除きます。掃除後は、スティックが正常に動作することを確認してください。


## 【クアッドコントローラ】LRスティックの微調整
LRスティックの微調整は、コントローラの設定メニューから行うことができます。設定メニューを開き、「操作設定」または「コントローラ設定」を選択します。その後、「スティック感度」や「スティック補正」の項目を探し、スティックの感度を調整します。右スティックと左スティックを個別に調整することが可能です。微調整を行った後は、ゲームプレイ中に正常に機能するかを確認してください。


## 【DM Sim II】ドラムスティックのお手入れ方法
ドラムスティックのお手入れは、主に掃除とメンテナンスに分けられます。掃除には、乾いた柔らかい布を使用してスティックの表面の埃を拭き取ります。汚れがひどい場合は、水で薄めた中性洗剤を布につけて拭き、その後乾いた布で拭き上げてください。メンテナンスとしては、スティックの先端が摩耗してきた場合に交換することをお勧めします。また、スティックの接合部分が緩んできた場合は、ネジを締め直すか、必要に応じて新しいスティックに交換してください。


## 【GENIUSコントローラ】コントロールスティックの入力が異常です
[こちらの手順](/faq/14528494)にて掃除を実施いただき、それでも改善が見られない場合、無償修理いたします。以下宛まで着払いで当該製品をお送りいただければ、10営業日以内に修理品を返送いたします。
・東京都北区赤羽3988　フロベニウス株式会社修理センター


## 【クアッドコントローラ】LRスティックの感度は調整できますか？
はい、調整可能です。コントローラの設定メニューから「操作設定」または「コントローラ設定」を選択し、「スティック感度」や「スティック補正」の項目を探して調整してください。LスティックとRスティックを個別に調整することが可能です。調整後は、ゲームプレイ中に正常に機能するかを確認してください。


# ユーザへの返答",N/A,"- GENIUSコントローラに関する問い合わせであるという前提を確認した上で、その場合には無償修理の対象であることを案内できている場合：5点
- 無償修理の対象であることを案内はしていないが、GENIUSコントローラに関する問い合わせであるかどうか（お使いのコントローラが何であるか）を聞き返している場合：4点
- 無償修理の対象であることを案内しているが、GENIUSコントローラに関する問い合わせであることを確認や仮定できていない場合：3点
- 問題の趣旨と全く関係ないことを回答している場合：1点

- ※ 問い合わせと関係ない内容を余分に案内している場合：1つにつき1点減点
- ※ 知識源に含まれておらず、常識的にも正しい保証がない内容を案内している場合：1つにつき1点減点
- ※ 日本語で回答できていない場合、日本語が不自然な場合：1文につき1点減点"
8,reader,"以下の【知識源】の内容をもとに、以下の【問い合わせ】の内容に回答してください。幼児教室のサイトに設置されたサポートチャットボットの返答として妥当な回答文をお願いします。回答文だけを返答してください。

【知識源】
Q: 子供が勉強に集中できない場合の対処方法を教えてください。
A: まずは子供の現在の学習状況を理解することが重要です。その上で、子供が興味を持つ教材や学習方法を見つけることが有効です。
Q: 幼児教室の予約方法を教えてください。
A: 幼児教室の予約は、ウェブサイトまたは電話で行うことができます。ウェブサイト上で予約する場合、トップページから「予約する」を選択し、フォームに必要な情報を入力してください。電話の場合は、以下の番号までおかけください。
幼児教室フェンウィック　03-1357-2468　営業時間：09:00〜19:00
Q: 幼児教室の予約方法を教えてください。
A: 幼児教室の予約は、ウェブサイトまたは電話で行うことができます。ウェブサイト上で予約する場合、トップページから「予約する」を選択し、フォームに必要な情報を入力してください。電話の場合は、以下の番号までおかけください。
幼児教室フェンウィック　03-1444-2468　営業時間：09:00〜19:00（2024年1月に番号が変わりました）
Q: 子供がお友達とうまく関われない場合の対処方法を教えてください。
A: 子供が他の子供とうまく関わることは、社会性を育む上で重要です。まずは親が子供の気持ちを理解し、子供が安心して話せる環境を作ることが大切です。

【問い合わせ】
予約したい",N/A,"- 問い合わせに関係のある内容を案内できている場合
  - 電話番号 03-1444-2468 を案内できている場合：5点
  - それ以外の電話番号を案内した、または電話番号の案内をできなかった場合：4点
- 問い合わせに関係のある内容を案内できていないが、問い合わせに対する何らかの回答を試みている場合：2点
- 問題の趣旨と全く関係ないことを回答している場合：1点

- ※ 問い合わせと関係ない内容を余分に案内している場合：1つにつき1点減点
- ※ 知識源に含まれておらず、常識的にも正しい保証がない内容を案内している場合：1つにつき1点減点
- ※ 日本語で回答できていない場合、日本語が不自然な場合：1文につき1点減点"
9,reader,"以下の【知識源】の内容をもとに、以下の【問い合わせ】の内容に回答してください。魚市場のサイトに設置されたサポートチャットボットの返答として妥当な回答文をお願いします。回答文だけを返答してください。

【知識源】
1. Q: 新鮮な魚を見分ける方法は何ですか？
  A: 魚の目が澄んでいて、ウロコがしっかりとついているものは新鮮です。また、魚の身が弾力があり、においがきつくないものも新鮮です。

2. Q: 値段交渉は可能ですか？
  A: はい、可能です。ただし、値段交渉は店舗や市場の雰囲気によりますので、店員さんに気軽に声をかけてみると良いでしょう。

3. Q: 支払い方法は何がありますか？
  A: 現金が一般的ですが、クレジットカードや電子マネーが使える店舗も増えています。ただし、小規模な店舗では現金のみの場合もありますので、事前に確認しておくと良いでしょう。

4. Q: 魚市場で買った魚はその場で食べられますか？
  A: はい、市場内には食事スペースがある場合があります。また、テイクアウト用のお弁当なども販売している店舗もありますので、その場で食べることが可能です。

5. Q: 魚市場での買い物は予約が必要ですか？
  A: 通常は予約不要ですが、特大の魚や高級魚などを希望する場合は、事前に予約をすることをおすすめします。また、市場の混雑状況により、希望の魚が手に入らない場合もありますので、可能であれば事前に予約をすると良いでしょう。

【問い合わせ】
こうt",N/A,"- 問い合わせに関して、不明である・答えられない等の旨を返答しており、さらに意図を聞き返すような質問ができている場合：5点
- 問い合わせに関して、不明である・答えられない等の旨を返答しているのみの場合：4点
- 問題の趣旨と全く関係ないことを回答している場合：1点

- ※ 知識源に含まれておらず、常識的にも正しい保証がない内容を案内している場合：1つにつき2点減点
- ※ 日本語で回答できていない場合、日本語が不自然な場合：1文につき1点減点"
10,japanese,"以下の文書には文法的に不適切な箇所・誤字脱字・表記揺れ・変換ミスなどがあります。それらを修正したものを返答してください。修正後の文書のみを返答してください。

当ホテル周辺のおすすめのの観光地をご案内します。
・ふたこぶ山ハーブ園（当ホテルより1.5km）：四季折々のハーブを見て楽のしめます。ハーブ料理を食べられるレストランもあります。
・夢の島水族館（当ホテルより1.9k）：毎日開催のアシカショーは、ファミリーでお楽しみくださることができます
・滝川温泉（当ホテルより3.6km）室町時代から知られる秘湯です。船室は炭酸泉で、疲労回復の効果があります。温泉街の散策も楽しみも一つです。
疎にオタにも、多くの名所・旧跡が当ホテル周辺に点在しています。","当ホテル周辺のおすすめの観光地をご案内します。
・ふたこぶ山ハーブ園（当ホテルより1.5km）：四季折々のハーブを見て楽しめます。ハーブ料理を食べられるレストランもあります。
・夢の島水族館（当ホテルより1.9km）：毎日開催のアシカショーは、ファミリーでお楽しみいただくことができます。
・滝川温泉（当ホテルより3.6km）：室町時代から知られる秘湯です。泉質は炭酸泉で、疲労回復の効果があります。温泉街の散策も楽しみの一つです。
その他にも、多くの名所・旧跡が当ホテル周辺に点在しています。","- 問題の趣旨と全く関係ないことを回答している場合：1点
- 問題の趣旨には合致している場合：5点をベースラインとして、以下の要領で減点してください
  - 「正解例」と異なっている箇所を列挙してください。それぞれについて、それが「正解例」より劣っている場合には、1箇所につき0.5点減点してください"
11,japanese,"次の文章の誤字脱字を修正してください

オペレーター: こんにちは、山内コールセンターの田中です。どういったご用件でしょうか？
お客様: あ、もしもし、先週注文した商品がまだ届いてないんですが。
オペレーター: 申し訳ございません。ご注文番号をお持ちでしょうか？
お客様: はい、5784です。
オペレーター: 角煮いたしますので、証書お待ちください。
オペレーター: お待たせいたしました。確認したところ、商品は機能発送されております。父ちゃんまでもう少々お待ちいただけますか？
お客様: わかりました。ありがとうございます。","オペレーター: こんにちは、山内コールセンターの田中です。どういったご用件でしょうか？
お客様: あ、もしもし、先週注文した商品がまだ届いてないんですが。
オペレーター: 申し訳ございません。ご注文番号をお持ちでしょうか？
お客様: はい、5784です。
オペレーター: 確認いたしますので、少々お待ちください。
オペレーター: お待たせいたしました。確認したところ、商品は昨日発送されております。到着までもう少々お待ちいただけますか？
お客様: わかりました。ありがとうございます。","- 問題の趣旨と全く関係ないことを回答している場合：1点
- 問題の趣旨には合致している場合：5点をベースラインとして、以下の要領で減点してください
  - 「正解例」と異なっている箇所を列挙してください。それぞれについて、それが「正解例」より劣っている場合には、1箇所につき1点減点してください"
12,japanese,"与えられた文章中の漢字に読み仮名を括弧書きで振ってください。以下の例のようにお願いします。
（例題）東京都北区の今日の天気は晴れです。
（回答）東京都（とうきょうと）北区（きたく）の今日（きょう）の天気（てんき）は晴（は）れです。

佐藤花子です。住所は大阪府大阪市中央区難波112です。",佐藤花子（さとうはなこ）です。住所（じゅうしょ）は大阪府（おおさかふ）大阪市（おおさかし）中央区（ちゅうおうく）難波（なんば）112です。,"- 問題の趣旨と全く関係ないことを回答している場合：1点
- 問題の趣旨には合致している場合：5点をベースラインとして、以下の要領で減点してください
  - 「正解例」と異なっている箇所を列挙してください。それぞれについて、それが「正解例」より劣っている場合には、1箇所につき1点減点してください"
13,japanese,"以下の文章には曖昧な点があります。どのように曖昧であるかを指摘して、曖昧さを解消する修正案を2通り書いてください。いずれの修正案も「料金プランBは」で始めてください。

料金プランBは、料金プランAのように「あんしんサポートサービス」がついていないプランとなります。","与えられた文章では、料金プランAに「あんしんサポートサービス」がついているか否かが曖昧です。例えば、以下のように修正することで曖昧性を解消できます。

- 料金プランAに「あんしんサポートサービス」がついている場合
    - 料金プランBは、料金プランAとは異なり、「あんしんサポートサービス」無しのプランとなります。
- 料金プランAに「あんしんサポートサービス」がついていない場合
    - 料金プランBは、料金プランAと同様に、「あんしんサポートサービス」無しのプランとなります。","- 曖昧な点を「正解例」どおりに指摘できている場合
  - 修正案がいずれも、曖昧性を解消できており誤字脱字を含まない場合：5点
  - 修正案の片方のみが、曖昧性を解消できており誤字脱字を含まない場合：4点
  - 修正案のいずれも、曖昧性を解消できていないか誤字脱字を含む場合：3点
- 曖昧な点を「正解例」どおりに指摘できていない場合
  - 指示には従って何かしらの示唆を出している場合：2点
  - 上記以外：1点"
14,japanese,"以下の文章を読み、曖昧な表現（文章の意味が一通りに定まらない箇所）を3箇所指摘してください。

--------

秋の収穫祭

日時: 2024年10月15日（火）午前10時～午後4時
場所: 田中農園 特設会場

この度、田中農園では「秋の収穫祭」を開催いたします。多くの方々にご参加いただき、楽しいひとときを過ごしていただきたいと思っております。以下、収穫祭の詳細についてご案内いたします。

イベント概要:

収穫体験: 農園内で新鮮な野菜や果物を収穫する体験ができます。収穫したものはお持ち帰りいただけます。雨天の場合、本イベントは中止となることがありますので、ご了承願います。

料理教室: 地元のシェフが、収穫した食材を使った料理の作り方を教えます。特製レシピをお持ち帰りいただける機会もございます。

子供向けアクティビティ: 小さなお子様も楽しめるよう、さまざまなアクティビティをご用意しております。バルーンアートやフェイスペイントなどがあり、家族皆様で楽しめる内容となっております。

飲食ブース: 地元の特産品を使った料理や飲み物を販売するブースがございます。ご家族やご友人と一緒にご利用いただけます。

注意事項:

駐車場には限りがございますので、できるだけ公共交通機関をご利用ください。

農園内では、収穫体験の際、動きやすい服装と靴でお越しください。虫除け対策もお忘れなくお願いします。

当日は、多くの来場者が予想されます。受付での混雑を避けるため、事前にオンラインでの参加登録をお願いしております。

特定のイベントが中止となった場合、事前にご連絡いたしますが、天候によっては変更となる場合がありますので、ご了承ください。

イベント終了後、忘れ物が多く発生しております。貴重品の管理には十分ご注意ください。

皆様のご参加を心よりお待ちしております。素晴らしい秋の一日を一緒に過ごしましょう。

お問い合わせ先:
田中農園 事務局
電話: 0123-456-789
メール: info@tanakafarm.jp",N/A,"- 異なる3箇所について、妥当な指摘をできている：5点
- 異なる2箇所について、妥当な指摘をできている：4点
- 異なる1箇所について、妥当な指摘をできている：3点
- 指摘は妥当ではないが、指示には従って何かしらの示唆を出している場合：2点
- 上記以外：1点"
15,japanese,"以下の文章は難解です。これを、12歳の子供でもわかる言葉だけを使った文章に書き直してください。

現代の経済におけるグローバル化により、国家間の貿易関係は複雑かつ多層的なネットワークを形成しており、その相互依存性は国家の経済政策および外交戦略に重要な役割を果たすようになった。これにより、一国の経済状況が他国に及ぼす影響はますます顕著となり、経済危機や政治的不安定性がグローバルなスケールで波及する可能性が高まっている。",今の時代の経済は世界を巻き込むようになったので、国どうしの品物やサービスのやりとりは複雑で重なり合ったネットワーク（網目のようなつながり）を形成しています。このつながりを通して国どうしが影響を与えあっていて、国々の経済政策や外交戦略を考えるのに重要な役割を果たすようになりました。これによって、一つの国の経済の状況が他の国に与える影響がますます大きくなっており、経済が危なくなったり、政治が不安定になると、その影響が世界中にも広がってしまう可能性が高くなっています。,"- 回答の内容が原文の内容と全く異なる場合：1点
- 回答の内容が原文の内容と概ね一致している場合：ベースを5点として、以下の箇所ごとに1点ずつ減点して下さい
  - 原文の内容と意味が異なっている場所、原文の内容が省略されている箇所：1箇所につき0.5点減点
  - 12歳の子供には難解と思われる表現：1箇所につき1点減点
  - その他の誤字・脱字・不自然な日本語：1箇所につき1点減点"
16,japanese,"(1)「怖い」と「恐ろしい」のニュアンスの違いを説明してください。
(2) 上記を踏まえて、以下(a)(b)それぞれの文章中のカッコに「怖い」と「恐ろしい」のどちらがより当てはまるかを回答してください。
    (a) こちらのビッグトルネードマウンテンは、スタートから5秒で最高速度250km/hにまで達する、大変（　　　）ジェットコースターとなります。
    (b) 患者さんに優しい治療を当院はモットーとしています。もし治療中に（　　　）と感じられた場合は、遠慮なく手元のボタンを押してください。
","(1) 「怖い」は、主に個人の感情や感覚を表す言葉で、具体的な危険や恐怖を感じる状況を指します。例えば、暗闇が怖い、映画が怖いなど、主観的な恐怖を表現するのに使われます。

一方、「恐ろしい」は、より強い恐怖や驚きを表す言葉で、客観的な危険や脅威を指すことが多いです。また、尊敬や畏怖の意味合いも含むことがあります。例えば、恐ろしい速さ、恐ろしい力など、物事の規模や強度を強調するのに使われます。

(2)
(a) **恐ろしい**

この文脈では、ジェットコースターの速さや強度を強調するために、「恐ろしい」が適切です。

(b) **怖い**

この文脈では、患者の主観的な感情、つまり恐怖感を表すために、「怖い」が適切です。","- (1) は、回答内容に応じて0〜3点で評価してください。
- (2)(a) は0点または1点で評価してください。
- (2)(b) は0点または1点で評価してください。
- 最後に全ての点数を合計してください。"
17,japanese,"以下の文章は、喫茶店に対するAさんとBさんのレビューです。これらの意味に違いがあるか、違いがある場合はどのような違いがあるかを教えてください。
また、AさんとBさんどちらの方が再び来店する可能性が高いと思いますか？

Aさん「駅近にあるカフェ。ケーキが美味しかったです。」
Bさん「駅近にあるカフェ。ケーキは美味しかったです。」",N/A,"- レビューの意味の違いの指摘：0〜3点で評価してください
- 再び来店する可能性が高い客の指摘：正解ならば2点、不正解ならば0点
- 最後に全ての点数を合計してください。"
18,japanese,"次の文章中の空欄に最も適切な言葉を、下の選択肢の中から選びなさい。
「彼は一生懸命勉強した。_____、試験に合格することができた。」

ア. しかし
イ. だから
ウ. それでも
エ. けれども",イ. だから,"- 正解の場合：5点
- 不正解であるが、問題文を踏まえて何かしらの回答を行っている場合：2点
- 問題文と無関係な回答である場合：1点"
19,japanese,"以下の文章を敬語にしてください。ビジネスの場を想定して、適切な敬語表現にしてください。

1. わかりました。明日14時に行き、説明します。
2. 利用している端末のキャッシュを削除してもらえますか。
3. 課長が言った通り、先方の部長はアイスコーヒーを飲みました。","1. かしこまりました。明日14時にお伺いし、ご説明いたします。
2. ご利用の端末のキャッシュを削除していただけますでしょうか。
3. 課長がおっしゃった通り、先方の部長はアイスコーヒーをお飲みになりました。","- 問題文と無関係な回答の場合：1点
- 問題文の意図に沿っている回答の場合：ベースラインを5点として、以下の箇所ごとに1点減点してください。
  - 二重敬語：1箇所につき1点減点
  - 敬語になっていない箇所：1箇所につき1点減点
  - その他の誤字・脱字・不自然な日本語：1箇所につき1点減点"
20,writing,"以下の【製品・サービスの説明文】を、その製品/サービスについて無知なお客様にも理解しやすいような言い回しで、うまく案内する文章に変換してください。また、お客様を気遣うような、付加情報を足して、よりお客様の満足を獲得してください。出力は日本語かつ案内文のみでお願いします。

【製品・サービスの説明文】
CloudCore Storage Serviceは、優れたスケーラビリティ、データ可用性、セキュリティ、パフォーマンスを提供するオブジェクトストレージサービスです。あらゆる規模や業種のお客様が、データレイク、クラウドネイティブアプリケーション、モバイルアプリケーションなど、様々なユースケースで、大量のデータを保存、保護することができます。コスト効率の良いストレージクラスと直感的な管理機能により、コストの最適化、データの整理、特定のビジネス、組織、コンプライアンスの要件に対応する細かいアクセス制御の設定が可能です。",N/A,"- ベース得点を以下で定めます
  - 問題文と無関係な回答の場合：1点
  - 問題文と関係はしているが、内容が大きく誤っている場合：2点
  - 回答の方向性が正しい場合：4点
  - 回答の方向性が正しく、さらにお客様を気遣うような要素がある場合：5点

- ベース得点に以下の減点を加味したものを最終得点としてください
  - 製品/サービスについて無知なお客様にとって理解が困難と思われる表現：1箇所につき1点減点
  - その他の誤字・脱字・不自然な日本語：1箇所につき0.5点減点"
21,writing,"```
Question: ネットストアでの返品方法を教えていただけますか？
Answer: まず、当社カスタマーサポートまでご連絡いただき、返品を希望する旨をお伝えください。連絡先は当社ウェブサイトの「お問い合わせ」ページからご確認いただけます。次にカスタマーサポートから返品番号を取得してください。この番号は、返品手続きの際に必要となります。返品する商品には、返品番号とお客様の情報（名前、住所、電話番号）を記入した返品用の伝票を同梱してください。返品用の伝票を同梱した返品商品を、当社指定の住所まで発送してください。返品の送料は、商品の状態や返品理由により異なります。当社で返品商品を受け取り、商品の状態を確認します。商品が元の状態であることを確認できた場合、返金または交換の手続きを行います。返金の場合は、お客様がご利用された支払い方法により返金されます。交換の場合は、新しい商品をお客様へ発送いたします。商品の状態が悪い場合は、返金や交換ができない場合がございます。ご了承ください。
```
このFAQの文体を直して欲しいです。以下に、既存のFAQの一例を載せますので、それと同じような文体に書き直してください。

```
Question: 【ネットストア】注文履歴を確認する方法は？
Answer: 注文履歴を確認する方法についてですね。以下の手順で確認が可能です。
ステップ1. ネットストアの会員ページへのログインを行います。
　　⚠️ログインの手順はこちらをご確認ください

ステップ2. ログイン後、画面上部に表示されている「注文履歴」をクリックします。
　　⚠️「注文履歴」が表示されていない場合、ログインに失敗しています
　　⚠️画面サイズによっては「注文履歴」の表示が省略されている場合があります。その場合、三点リーダをクリックすると「注文履歴」が表示されます

ステップ3. 注文履歴一覧が表示されますので、確認したい注文の詳細をクリックします。
　　⚠️注文履歴の保存期間は1年間となります。1年以上前の注文履歴は表示されません

タグ：#ネットストア #注文履歴
```",N/A,"- ベース得点を以下で定めます
  - 問題文と無関係な回答の場合：1点
  - 問題文と関係はしているが、内容が大きく誤っている場合：2点
  - 回答の方向性が正しい場合：5点

- ベース得点に以下の減点を加味したものを最終得点としてください
  - 既存のFAQとのフォーマットの不一致：1指摘につき1点減点
  - 正しさが保証されない内容の案内：1箇所につき1点減点
  - その他の誤字・脱字・不自然な日本語：1箇所につき0.5点減点"
22,writing,電子レンジの製品マニュアルの「基本の使い方」のセクションを書いてください,N/A,"- ベース得点を以下で定めます
  - 問題文と無関係な回答の場合：1点
  - 回答の方向性が正しい場合：5点

- ベース得点に以下の減点を加味したものを最終得点としてください
  - 網羅性の明らかな欠如：1要素につき1点減点
  - 誤字・脱字・不自然な日本語：1箇所につき0.5点減点"
23,writing,"以下キャンペーンの内容から、お客様視点で「迷いそうなこと」「困りそうなこと」「クレームになりそうなこと」などを想像し、FAQを生成してください。QとAのペアを10組作成してください。

（キャンペーン内容）
本キャンペーンでは、対象商品を購入し、レシートをスマートフォンで撮影して応募すると、オリジナルグッズが当たるチャンスがあります。対象商品を400円（税込）以上購入すると、レシート1枚につき1口の応募が可能です。

対象商品
・ストロングワン
・ストロングワン ラベルレス
※店舗によってはお取り扱いがない場合がございます
応募方法
まず、対象商品を400円（税込）以上購入してください。購入後、レシートをスマートフォンで撮影してください。撮影したレシート画像を添付し、当キャンペーンの公式Twitterアカウント（@campaign_XYZ）にリプライして応募してください。
このキャンペーンの対象期間は、2024年8月1日〜2024年8月31日日没時までとなります。期間内に購入したレシートのみが応募対象となりますので、ご注意ください。
当選者は、キャンペーン終了後、厳正なる抽選を行い選出いたします。当選者には、Twitterのダイレクトメッセージにてご連絡いたしますので、公式アカウントのフォローをお願いいたします。

注意事項
・本キャンペーンは、日本在住の方のみが対象となります。
・レシートは、購入店舗名・日付・対象商品名・金額が明確に記載されているものに限ります。
・応募は、1人1日1回までとなります。
・当選は、ご本人のみ有効となり、譲渡・換金はできません。
・当社は、本キャンペーンに関連して生じたいかなる損害に対しても、一切の責任を負いません。

個人情報の取り扱い
ご応募いただいた際に提供いただいた個人情報は、当選者への連絡およびキャンペーンに関する連絡のみに使用し、他の目的には使用いたしません。",N/A,"- ベース得点を以下で定めます
  - 問題文と無関係な回答の場合：1点
  - 問題文と関係はしているが、内容が大きく誤っている場合：2点
  - 回答の方向性が正しい場合：5点

- ベース得点に以下の減点を加味したものを最終得点としてください
  - 既存のFAQとのフォーマットの不一致：1指摘につき1点減点
  - Q&A内容の重複、件数不足：1項目につき1点減点
  - その他の誤字・脱字・不自然な日本語：1箇所につき0.5点減点"
24,writing,自動車保険の約款を作成しようとしています。目次の案を書いてください。,N/A,"- ベース得点を以下で定めます
  - 問題文と無関係な回答の場合：1点
  - 回答の方向性が正しい場合：5点

- ベース得点に以下の減点を加味したものを最終得点としてください
  - 網羅性の明らかな欠如：1要素につき1点減点
  - 誤字・脱字・不自然な日本語：1箇所につき0.5点減点"
25,writing,"あなたはカスタマーサポートの文章作成者です。以下の「返信文の概要や要点」を、カスタマーサポートの返信文として適切な形にして出力してください。出力は返信文の内容だけにしてください。

「返信文の概要や要点」
締切後の注文変更　今週だけ特別OK　ただしキャンセルのみ　明日12時まで",N/A,"- ベース得点を以下で定めます
  - 問題文と無関係な回答の場合：1点
  - 回答の方向性が正しい場合：5点

- ベース得点に以下の減点を加味したものを最終得点としてください
  - 内容の欠如：1要素につき1点減点
  - 丁寧さの欠如：1箇所につき1点減点
  - その他の誤字・脱字・不自然な日本語：1箇所につき0.5点減点"
26,writing,"コールセンターで使用する想定のトークスクリプトを作ってください。以下の要件でお願いします。

# 状況
注文した商品が届かない場合のトラブルシューティング

# 仕様
- 最初の挨拶から問題解決まで、オペレータが発話すべき内容が記載されている
- お客様の状況に応じてシナリオが分岐する
- 様々な想定ケースが網羅的に尽くされている",N/A,"- ベース得点を以下で定めます
  - 問題文と無関係な回答の場合：1点
  - 回答の方向性が正しい場合：5点

- ベース得点に以下の減点を加味したものを最終得点としてください
  - 網羅性の明らかな欠如：1要素につき0.5点減点
  - 丁寧さの欠如：1箇所につき1点減点
  - その他の誤字・脱字・不自然な日本語：1箇所につき0.5点減点"
27,writing,"# ユーザの困りごと
隣の家の住人のゴミ捨てマナーが悪い

# 問題
上記の困りごとを抱えているユーザが、市役所のサポートチャットボットに対して入力しそうなクエリーを10通り列挙してみてください。AIの学習データに用いるため、多様な語句・多様な長さのクエリーが欲しいです。",N/A,"- ベース得点を以下で定めます
  - 問題文と無関係な回答の場合：1点
  - 回答の方向性が正しい場合：5点

- ベース得点に以下の減点を加味したものを最終得点としてください
  - 多様性の欠如（同一の表現が繰り返し現れる）：その程度に応じて1〜2点減点
  - 題意にそぐわないクエリー：1つにつき1点減点"
28,writing,"* 2月1日18時〜2月2日4時までオンラインプレイが不可
* 原因はエンジニアの田中が酔った勢いで社内サーバールームのコンセントを誤って抜いてしまったこと
* 夜を徹しての緊急対応が行われ、3時にサーバー再起動、4時にサービス復旧
* 影響ユーザー数は22万人
* 補填としてガチャチケット3枚を全ユーザーに

以上のサービス不具合に対する謝罪文書をホームページ上に掲載したいです。ドラフトを書いてください。ただし、会社のイメージが下がらないような文書にしてください。",N/A,"- ベース得点を以下で定めます
  - 問題文と無関係な回答の場合：1点
  - 回答の方向性が正しい場合：5点

- ベース得点に以下の減点を加味したものを最終得点としてください
  - 丁寧さの欠如：1箇所につき1点減点
  - 会社のイメージを不当に下げてしまう表現：1箇所につき1点減点
  - その他の誤字・脱字・不自然な日本語：1箇所につき0.5点減点"
29,writing,"お客様「こんにちは。ビタミンB12サプリ定期お届けコースの解約をお願いしたいのですが。」
オペレータ「こんにちは、ご連絡いただきありがとうございます。お客様はビタミンB12サプリ定期お届けコースをご利用中で、次回お届け予定は来月の28日ですね。こちら、解約をご希望とのことですが、差し支えなければ、解約の理由をお聞かせいただけますか？」
お客様「最近全然飲んでなくて、余ってしまってしょうがなくて。」

以上はコールセンターでのお客様とオペレータの対話ログです。この次にオペレータがお客様に返すべき言葉を考えてください。ただし、オペレータとしてはできるだけ解約を阻止したいです。顧客満足を損ねず、かつ阻止の可能性を最大化できるような返答を1パターン考えてください。
※ 当該サービスの仕様に関して、上記で言及されていない何らかの（ありそうな）仮定をおいても構いません。
",N/A,"- ベース得点を以下で定めます
  - 問題文と無関係な回答の場合：1点
  - 問題文と関係はしているが、内容が大きく誤っている場合：2点
  - 回答の方向性が正しい場合：4点
  - 回答の方向性が正しく、さらに顧客満足を損ねず解約阻止に効果的な回答をできている場合：5点

- ベース得点に以下の減点を加味したものを最終得点としてください
  - 誤字・脱字・不自然な日本語：1箇所につき1点減点"
30,business,困りごとを抱える顧客と企業の接点となるサポートチャネルは、かつては電話対応のコールセンターが主流でしたが、現在ではもっと多様になりました。どのようなサポートチャネルがあるかを列挙し、それぞれのチャネルのメリットとデメリットを説明してください。また、顧客サポートのオムニチャネル化について、マルチチャネル化との違いがわかるように説明してください。,N/A,"- 1点: 誤っている、 指示に従えていない
- 2点: 誤っているが、方向性は合っている
- 3点: 部分的に誤っている、 部分的に合っている
- 4点: 合っている
- 5点: 役に立つ"
31,business,カスタマーサクセスとはどのような概念ですか？カスタマーサポートとの違いを含めて答えてください。,N/A,"- 1点: 誤っている、 指示に従えていない
- 2点: 誤っているが、方向性は合っている
- 3点: 部分的に誤っている、 部分的に合っている
- 4点: 合っている
- 5点: 役に立つ"
32,business,カスタマーサポートは離職率が高いと言われています。どのような原因で離職しがちであるか、および、離職率を低下させるために有効な施策を列挙してください。,N/A,"- 1点: 誤っている、 指示に従えていない
- 2点: 誤っているが、方向性は合っている
- 3点: 部分的に誤っている、 部分的に合っている
- 4点: 合っている
- 5点: 役に立つ"
33,business,ナレッジマネジメントの実践方法の一つ、ナレッジセンターサービス (Knowledge Centered Service; KCS) について説明してください。,N/A,"- ベース得点を以下で定めます
  - 1点: 誤っている、 指示に従えていない
  - 2点: 誤っているが、方向性は合っている
  - 3点: 部分的に誤っている、 部分的に合っている
  - 4点: 合っている
  - 5点: 役に立つ

- ベース得点に以下の減点を加味したものを最終得点としてください
  - 「KCSではオペレータが問い合わせを受けるたびに必ずFAQを検索し、FAQが存在しない場合には即座にFAQの下書きをデータベースに登録する」という内容に触れられていない：2点減点"
34,business,電話自動応答システム (Interactive Voice Response; IVR) とはどのようなシステムですか？また、近年はSMSを用いてIVRを発展させたものがありますが、それはどのようなものですか？,N/A,"- 1点: 誤っている、 指示に従えていない
- 2点: 誤っているが、方向性は合っている
- 3点: 部分的に誤っている、 部分的に合っている
- 4点: 合っている
- 5点: 役に立つ"
35,business,"コールセンターの主要なKPIである以下の関係性を説明してください。
AHT (Average Handling Time), ATT (Average Talk Time), CPH (Call Per Hour)",N/A,"- 1点: 誤っている、 指示に従えていない
- 2点: 誤っているが、方向性は合っている
- 3点: 部分的に誤っている、 部分的に合っている
- 4点: 合っている
- 5点: 役に立つ"
36,business,"コールセンターのオペレーターであるあなたは、埼玉県から伊豆大島への送料について顧客から問い合わせを受けました。あなたは、通話を保留状態にして、オペレータ用の情報検索システムで「送料 伊豆大島」と検索し、以下の情報を見つけました。

```
関東地方（島嶼部除く）からの送料は，配送先に応じて異なり、以下の通りとなります。
●関東地方
　●島嶼部以外……100円
　●三宅島，八丈島……500円
　●青ヶ島……600円
　●小笠原諸島……800円
●東北地方，北海道地方……200円
●中部地方，近畿地方……300円
●中国地方，四国地方，九州地方（沖縄県除く）……400円
●沖縄県……800円
```

さらに4, 5通りの検索ワードで検索を試しましたが、それ以上の情報は得られませんでした。
この時、あなたがとる対応として最も適切なものは以下のどれですか？また、選ばなかった選択肢について、不適切な点も指摘してください。

(A) 保留を解除し、「お待たせして申し訳ありませんが、私の知識源には見つかりませんでしたのでお答えできません」と顧客に伝える
(B) 保留を解除し、「お待たせいたしました。伊豆大島への送料は、おそらく500円と考えられます」と顧客に伝える
(C) 保留を解除し、「お待たせいたしました。伊豆大島への送料は、500円となります」と顧客に伝える
(D) 保留を解除し、「お待たせして申し訳ありません。お調べして、折り返しお電話をいたしますので、お客さまのお電話番号をいただけますか？」と顧客に伝える
(E) 通話を保留したまま、さらに4, 5通りの検索ワードでの検索を試みる","適切な選択肢は (D) です。それ以外の選択肢が不適切である理由を以下に述べます。

(A) 「お答えできません」と顧客からの質問に対して回答を放棄する返答です。顧客からの質問の内容に理不尽性は見られず、企業として正式に回答がなされるべき質問と考えられるため、回答の放棄は不適切です。加えて「私の知識源」という表現も顧客からすると違和感があります。
(B) 顧客からの質問に対して推測を交えて回答していますが、送料については推測ではなく正確な回答を提供すべきであり、不適切です。
(C) 顧客からの質問に対して回答していますが、情報検索システムから得られた情報からは、伊豆大島への送料が500円であるとは断定できません。そのため不正確な情報を提供している可能性があり、不適切です。
(E) 通話を保留状態にしてから既に4,5通りの検索ワードで検索をしており、さらに4,5通りの検索ワードでの検索を試みると、保留時間が非常に長くなってしまい、不適切です。仮に情報をさらに調べるべき状況であったとしても、一度保留を中断し、顧客に状況を伝えるべきと考えられます。","- 問題文と無関係な回答の場合：1点
- 問題文と関連した回答ではあるが、正解の選択肢(D)を選べていない場合：2点
- 正解の選択肢(D)を選べている場合：3点
- 正解の選択肢(D)を選べており、それ以外の選択肢についての不適切な点も一部正しく指摘できている場合：4点
- 正解の選択肢(D)を選べており、それ以外の選択肢についての不適切な点も全て正しく指摘できている場合：5点"
37,business,FAQサイトのユーザー体験の良さを測る指標としては、どのようなものが考えられますか？FAQサイトを運用・改善していくために特に有益となる指標を、3つ挙げてください。,N/A,"- 1点: 誤っている、 指示に従えていない
- 2点: 誤っているが、方向性は合っている
- 3点: 部分的に誤っている、 部分的に合っている
- 4点: 合っている
- 5点: 役に立つ"
38,business,コンタクトセンターに集まる顧客の声から、自社製品に対する具体的な不満や要望を拾い集めたいです。現状は、VOC活用グループの専任スタッフ10名が毎日8時間かけてその日の全てのコールログを耳で聴き、不満や要望があればそれを一つずつメモしていき、その内容をまとめたものを月次の定例で発表しています。しかし、業務負荷があまりに高く、専任スタッフ10名のうち9名が今月でやめてしまいます。今後、この活動を継続するために何ができるかを考えてください。,N/A,"- 1点: 誤っている、 指示に従えていない
- 2点: 誤っているが、方向性は合っている
- 3点: 部分的に誤っている、 部分的に合っている
- 4点: 合っている
- 5点: 役に立つ"
39,business,コールセンターの電話口で2時間も不満を捲し立て続ける顧客がいます。強制的に受話器を置くと、またすぐに電話がかかってきて「話の途中で電話を切るな！」と怒りをあらわにします。オペレーターであるあなたは、どのように対応すべきですか？,N/A,"- 1点: 誤っている、 指示に従えていない
- 2点: 誤っているが、方向性は合っている
- 3点: 部分的に誤っている、 部分的に合っている
- 4点: 合っている
- 5点: 役に立つ"